speed_mph,temperature_c,terrain,energy_consumption_kwh_per_mile,range_miles
47.49080237694725,13.702658576772393,flat,0.11622017413243439,1548.7844631422395
59.01428612819832,20.838018947567164,flat,0.1167311964596014,1542.0042410196218
54.6398788362281,27.458916717528165,flat,0.12273521108098473,1466.5718045755434
51.97316968394073,24.644497728191226,flat,0.12867365506816178,1398.887751378861
43.12037280884873,26.131222957228996,flat,0.1341358462623325,1341.9231697988466
43.11989040672405,23.175667334214346,flat,0.11696821049319656,1538.8796600463481
41.16167224336399,23.84553129035705,flat,0.13992688568959522,1286.38609451582
57.3235229154987,26.983913031306386,flat,0.1222887639895743,1471.9259082162762
52.022300234864176,14.99336017718372,flat,0.12478632705651564,1442.465727182419
54.161451555920905,19.788499272862808,flat,0.11752788320852177,1531.551450481229
40.41168988591605,14.424188836392045,flat,0.10075759739727058,1786.4657817344503
59.39819704323989,29.75336015993294,flat,0.1338404539636105,1344.8848585715325
56.648852816008436,28.881186793732265,flat,0.13236843897092435,1359.8407701970275
44.246782213565524,10.788536227370118,flat,0.12218672442881787,1473.155130734864
43.63649934414201,24.11150345031377,flat,0.1256699071722487,1432.3238080639628
43.66809019706868,28.504966348313317,flat,0.130159392177041,1382.9197954087438
46.08484485919075,13.61150690254667,flat,0.10937454143113456,1645.721185613686
50.49512863264476,21.358904611052587,flat,0.11970947322653705,1503.640398278002
48.638900372842315,28.309765951760838,flat,0.13294264679621828,1353.9673260448453
45.82458280396084,10.678919571715976,flat,0.1124571057683075,1600.610283985517
52.23705789444759,23.9484053449368,flat,0.1279355793216663,1406.9581030889694
42.78987721304084,15.946980147451015,flat,0.11143418195376595,1615.3032834636147
45.84289297070436,28.487923907530607,flat,0.12966429982433525,1388.2001464077455
47.327236865873836,29.421164903307357,flat,0.12464358517702516,1444.1176394625913
49.121399684340716,28.885329782268677,flat,0.1088486818409449,1653.6718401700532
55.70351922786027,19.484284333149276,flat,0.13664739354457173,1317.258934333698
43.993475643167194,27.240853019786268,flat,0.1176540842320195,1529.9086400182364
50.28468876827223,26.890987970701406,flat,0.1168974756298562,1539.8108387725279
51.84829137724085,16.382009464865114,flat,0.12700569197230943,1417.2593149545196
40.92900825439995,26.57830948301355,flat,0.13648637349428716,1318.8129729854254
52.150897038028766,10.740152694309852,flat,0.11484178181021604,1567.3738003948981
43.41048247374583,21.92539756964106,flat,0.1256167984984797,1432.9293705266537
41.30103185970559,14.60017674575406,flat,0.12928816500330573,1392.2388023327396
58.977710745066666,12.411337715545576,flat,0.13193105607263145,1364.3489664852327
59.31264066149119,11.539064032584182,flat,0.12676441555277226,1419.9568484190713
56.167946962329225,23.925775517562794,flat,0.12132972160916677,1483.5606446030165
46.09227538346741,16.797499275361325,flat,0.11672409779351281,1542.0980191975739
41.953442280127675,24.49533543057523,flat,0.12586143883046375,1430.1441463930926
53.684660530243136,11.307126815978847,flat,0.11427860988014393,1575.0979136759279
48.80304987479202,16.305806756612206,flat,0.09578649516505393,1879.1793111318466
42.44076469689558,20.789825847506744,flat,0.12936559804157668,1391.4054642421238
49.903538202225405,25.814463296779273,flat,0.13403934841086196,1342.889249567656
40.68777042230437,16.3750500586414,flat,0.10137067564458162,1775.661441096661
58.186408041575646,22.51782752874018,flat,0.11490269295290062,1566.5429188311819
45.17559963200034,27.71955496472374,flat,0.13119154261005198,1372.0396636772857
53.25044568707964,22.31726376364609,flat,0.14557495469711698,1236.476428067642
46.23422152178822,14.659189495072676,flat,0.12520793707675407,1437.6085430563217
50.40136042355621,10.48801563113076,flat,0.11771997058770865,1529.0523698006607
50.934205586865595,27.401977478018598,flat,0.1231710355889516,1461.3825331525097
43.69708911051054,10.425388217007743,flat,0.13874876419148185,1297.308852074451
59.39169255529117,27.49403345368399,flat,0.11854035820875465,1518.4701878748526
55.502656467222295,20.578742680544238,flat,0.11700807993349746,1538.355300781831
58.78997883128378,28.781353970257925,flat,0.12017256477817967,1497.8460377562276
57.89654700855297,25.975664715473307,flat,0.11546671391741288,1558.8908170431203
51.9579995762217,29.95868221066675,flat,0.12622670315994797,1426.005714273574
58.437484700462335,17.014236309034203,flat,0.1412467845846956,1274.3652928401132
41.76985004103839,25.34376577862254,flat,0.12823079273116028,1403.718998894247
43.919657248382904,18.03861827218484,flat,0.12247646497873713,1469.6701119782433
40.90454577821076,19.597512406078177,flat,0.12208188731084456,1474.4201942232799
46.506606615265284,22.5501092643674,flat,0.10936809191303343,1645.8182350217023
47.77354579378964,27.473542283726776,flat,0.1338310977714716,1344.978880075884
45.42698063547792,29.681669383985902,flat,0.12422162802987198,1449.0230312930273
56.57475018303859,25.365468277290365,flat,0.12319520086409375,1461.0958766045771
47.135066533871786,18.355335643346677,flat,0.1569310756784486,1147.0003580987336
45.61869019374762,18.427140045541403,flat,0.12798752908365688,1406.3870229289766
50.85392166316497,24.75164603177783,flat,0.11748208949904816,1532.1484386899533
42.818484499495256,14.775542915366046,flat,0.12073642403794457,1490.8508466627295
56.043939615080795,12.209482262627894,flat,0.13648445709196755,1318.831490670841
41.491012873595416,17.09244315281553,flat,0.12613270410537764,1427.0684298468611
59.73773873201034,15.744779833081635,flat,0.11061722021682634,1627.2330804116484
55.44489538593315,15.9261624091198,flat,0.13419228934575203,1341.3587388484184
43.97431363068345,14.672155020998199,flat,0.11831855914461006,1521.316700451045
40.11044234247205,10.841863792727239,flat,0.14373297776217545,1252.3222074883397
56.30922856909668,10.357478694668277,flat,0.13580048065714648,1325.4739536190848
54.13714687695234,29.75444779472063,flat,0.1205267810434125,1493.4440166884226
54.58014336081975,18.555462674717248,flat,0.13781016361735113,1306.144592497508
55.42540693371892,17.686532943193633,flat,0.12567855510527404,1432.2252499579095
41.480893034681806,23.5929456538614,flat,0.1335277367512222,1348.0345310979176
47.169314570885454,14.365077757301282,flat,0.12984732817294475,1386.2433870049022
42.317381190502594,28.99922367900451,flat,0.11653643345009126,1544.5813353906021
57.26206851751187,25.726900288311043,flat,0.11856450167682538,1518.1609795032168
52.46596253655116,11.78822004624519,flat,0.1352996081758116,1330.3807928704687
46.617960497052984,18.35161551569857,flat,0.1216522466789346,1479.627420898006
41.27116700572047,27.582366151243292,flat,0.12096351536758003,1488.0519919830522
46.21964643431325,28.894640445828205,flat,0.11544877420650647,1559.1330547869563
46.50366644053494,19.348030224997395,flat,0.1292359906559346,1392.8008682907425
54.59212356676128,22.268227784214154,flat,0.14562524919243144,1236.0493870272815
52.75114942710427,13.340678921841505,flat,0.11432467085745728,1574.463312686273
57.744254851526534,29.823372522739533,flat,0.12524219456672758,1437.2153140777016
49.44429850323898,14.633434027668867,flat,0.1391222055541543,1293.8265267073682
42.39188491876603,28.854635482702513,flat,0.12420358608754285,1449.233517888364
54.2648957444599,22.992932979847367,flat,0.12952371796249734,1389.7068647467154
55.21570097233795,22.154735897577183,flat,0.1143760647185312,1573.7558416873596
51.22554395138992,20.25377022033017,flat,0.12928307097207647,1392.2936595378196
55.41934359909122,14.613396234355173,flat,0.12312855734995451,1461.8866969130984
49.87591192728782,13.530560640110165,flat,0.13485729995679863,1334.7442078231047
50.45465658763988,14.409724181403508,flat,0.1368738605156475,1315.0794411868164
48.55082036717099,13.72876524288509,flat,0.15089563642018614,1192.8774368184474
40.5083825348819,25.591689471335066,flat,0.13079633173213576,1376.185383919106
42.15782853986609,17.002505183334602,flat,0.12825796316582166,1403.421632131194
40.628583713734685,11.156853531267927,flat,0.12694384301577336,1417.9498250863114
52.72820822527561,29.382052602816227,flat,0.12146833707189311,1481.8676565355786
46.287119621526536,27.675717699268514,flat,0.1283848384346169,1402.0347121569919
50.17141382329406,28.55504566390426,flat,0.12204598589860971,1474.8539140774026
58.15132947852186,29.898156452928706,flat,0.12668460976269613,1420.851359428533
44.9858445829775,13.477904984389745,flat,0.1381759753560796,1302.6866612386116
48.207658460712594,17.924840378053176,flat,0.11493457434720358,1566.1083796790474
55.11102277086097,25.164769514081826,flat,0.13639878561129046,1319.6598429619776
44.575963309832446,23.920412361075844,flat,0.13817115067339866,1302.7321486630308
41.53959819657586,13.077918126797101,flat,0.12381931473008921,1453.7311920388006
45.79502905827536,26.316662499812356,flat,0.10378145100991405,1734.4139848536606
43.22442574508009,14.488811436733213,flat,0.11892178012905567,1513.5999461550387
58.59395304685146,14.476352296452461,flat,0.1379699454656111,1304.631957290038
56.16240759128834,20.73948845786827,flat,0.12477131937701118,1442.639229101272
52.66807513020847,21.858798696834064,flat,0.1150069776770509,1565.1224267927018
57.429211803754356,21.601724156756223,flat,0.11995225078771783,1500.5971027467422
56.07344153798229,11.829736747955097,flat,0.13340620026504552,1349.2626252931573
43.73140117772072,27.54921725260761,flat,0.1304673356820138,1379.6556744188558
57.85117996979956,15.31200085177412,flat,0.12261067900830305,1468.0613585690248
50.786844838313016,12.590298425656083,flat,0.12133175588185312,1483.5357709260807
56.14880310328125,27.774961597379544,flat,0.12108241850956178,1486.590722382916
57.92182599846986,29.113029964595068,flat,0.11577589815501498,1554.7277358107292
46.36006949943728,27.24255234530901,flat,0.14115375689469442,1275.205166053683
42.201038490553536,26.19032149449756,flat,0.1217767953078866,1478.1141148024833
44.55870325083883,23.104839612780435,flat,0.13717158520825495,1312.2251210170286
48.54215577252513,21.017147412182787,flat,0.1402131605192245,1283.7596651658127
56.36029531844986,11.739735198228203,flat,0.1349831089814796,1333.5001790831247
57.21461166512687,18.169064261413972,flat,0.12068379687281952,1491.5009691789014
40.13904261062381,17.45377034024628,flat,0.1290373009033661,1394.9454827391269
50.214946051551316,15.195075675206525,flat,0.12475804393609084,1442.7927396185185
48.34822006297558,24.468402273771698,flat,0.11596298139269871,1552.2194914120516
44.442156209414605,19.917514701575417,flat,0.12824359281721603,1403.5788926823948
42.39730734667366,11.620924318152959,flat,0.11320960208840197,1589.9711391922694
46.75230342807256,14.403664038996226,flat,0.13687679388461563,1315.0512580805798
58.858194078250385,23.66517527319192,flat,0.12035382702701607,1495.5901648195618
46.464058640415104,11.522617189806004,flat,0.1270115965587284,1417.1934286076823
50.37581243486732,27.024138280975375,flat,0.12783287871546142,1408.0884496128378
54.060379177903556,19.902930540279485,flat,0.12241095026295923,1470.4566839268043
47.27259204758588,19.61173154653296,flat,0.13086693801475274,1375.4428943673188
59.435641654419214,21.84815569319035,flat,0.12025096343377475,1496.869504077866
59.24894589884222,26.493619318502983,flat,0.13371297297457244,1346.1670621460921
45.035645916507285,16.95618415804386,flat,0.11154020319753251,1613.7679046650862
49.94497011784771,23.56032305118127,flat,0.12626379579546412,1425.5867952170838
46.017566196335395,21.314639279915824,flat,0.14438928999058284,1246.6298574620023
45.69680988754935,15.340565403388426,flat,0.11499668675394425,1565.2624878240347
40.737738947090655,27.57259972710316,flat,0.11822255029475148,1522.5521658196808
52.19128667959794,25.94852043213856,flat,0.13013907849658915,1383.1356582467092
50.05358046457723,23.169036693168508,flat,0.12679581781939597,1419.605181744925
41.02957502499979,27.011634581884838,flat,0.12850630099273558,1400.70952637704
45.572929284732226,27.34588401919605,flat,0.12989187130147664,1385.768009933611
58.165317719333075,24.167259534300698,flat,0.1313472146856177,1370.4135289875294
44.79123781333945,26.74026656727344,flat,0.13609699841956224,1322.586112039685
42.89789744182446,23.949429233385672,flat,0.12909818656928512,1394.2875944535178
49.789055205551264,23.602815435206008,flat,0.12258742345381457,1468.3398584343026
59.71300908221201,22.372227564303685,flat,0.1317257370120273,1366.4755581027039
44.84110543023001,25.054332791152824,flat,0.14399881934895215,1250.0102487910422
53.44271094811757,13.172102105861473,flat,0.12367366253617426,1455.4432714997051
55.232392306574354,27.61741518397857,flat,0.11525470695329358,1561.7583416609973
44.752750879847994,27.43687055490464,flat,0.13607080669286972,1322.8406913636106
54.56432697223719,10.584945660691183,flat,0.12379618836046402,1454.0027636059708
47.355662654385064,26.516335011295254,flat,0.10327330453985964,1742.9480038621862
52.64611661187159,12.577397349468903,flat,0.13347421677150423,1348.5750608160054
52.670594215217896,16.70237708518284,flat,0.11964671814046077,1504.4290624727937
50.71549368149517,24.870165125832155,flat,0.1240946671769584,1450.505522073087
41.80579540108817,13.215197920966164,flat,0.12831980330569015,1402.7452923318046
56.70604991178476,26.359340482381242,flat,0.12690499679779066,1418.3838662145863
46.41560129943472,26.64268355915484,flat,0.1320945181713904,1362.6606349133508
43.73037020799708,20.149354675216724,flat,0.12064513629430157,1491.9789187432161
40.81550283109528,10.127717434336672,flat,0.13013105798176083,1383.220906612692
51.81785886376484,15.740762663498256,flat,0.12240453322416082,1470.533772391942
53.55128723684565,22.338538367514843,flat,0.13238810480887503,1359.6387701135304
40.331756578557126,29.62372356054847,flat,0.13115367484013055,1372.4358102768417
50.24186116598562,22.636270540333367,flat,0.11564561297955404,1556.479276320008
44.52991550395876,15.196071621283195,flat,0.13585982116175033,1324.895016501588
52.903455808188994,22.680114061992228,flat,0.11964036554885953,1504.5089437351344
43.48732858009983,20.79970759431711,flat,0.13308057798281145,1352.5640084253964
53.81875476204932,25.596907903022874,flat,0.1286728731340134,1398.896252301207
47.734706926010745,12.139612776539169,flat,0.14338183676795122,1255.389134757086
58.73459977473469,25.22055805004056,flat,0.12276534017628148,1466.2118782185103
42.75041888291987,20.825331573522206,flat,0.12150683203881803,1481.3981813178625
46.82132702100517,29.25984007717989,flat,0.12480580394112267,1442.2406195541616
42.26947042481178,16.837443320773723,flat,0.12196820217165724,1475.7944840956923
58.49387236557126,22.652437862678962,flat,0.1329994190194205,1353.3893706236154
57.54678706761962,28.64056211020035,flat,0.10883689391563411,1653.8509463484745
45.15883255430311,12.050194559813585,flat,0.11446317580853646,1572.5581500646772
53.199680920683576,28.744569744729024,flat,0.11432197078420807,1574.5004985941373
56.34444400402432,23.757714446016266,flat,0.13450307591973576,1338.2593577816344
51.10401623198925,11.356741182103438,flat,0.14210613372581926,1266.6589068371495
50.59301156712013,16.019271338936324,flat,0.12395550781462529,1452.1339404231146
44.83704581800903,24.16344177290563,flat,0.1233117827680999,1459.7145216731474
41.862055356117985,11.347012029375435,flat,0.12570052163113182,1431.9749644970448
57.944315159066534,21.643409203525465,flat,0.1366187830260819,1317.5347928962021
58.00836114326661,16.917661139059135,flat,0.11572646865809426,1555.3917965975215
52.66202914546536,22.41831035534954,flat,0.12738368982734785,1413.0537452947608
46.780595820974014,10.914840676250257,flat,0.1347519762978243,1335.7874588953712
46.98419149225322,27.430736123047524,flat,0.13001094169939845,1384.4988556131107
54.51911357740479,29.469779383547937,flat,0.12689581616598744,1418.4864831520454
57.94220519905154,29.37755710571383,flat,0.1350104609256714,1333.2300235542275
57.741728485302346,24.993036634858495,flat,0.09796767707000763,1837.340696272426
55.597510917152476,12.60172480261264,flat,0.13177875319530907,1365.92580848919
52.84063292308576,25.16526391858045,flat,0.11845924316872576,1519.5099612752
41.68279929990098,10.49173832917603,flat,0.10669367103143543,1687.0728906400282
43.232574281892276,10.442471030579945,flat,0.13011202599524982,1383.4232356551847
57.97108377054158,16.472204382990824,flat,0.1387365854516296,1297.4227339821396
52.1285811931918,19.772863808093316,flat,0.12362551485372308,1456.0101141983569
40.18394103233259,25.408148356155863,flat,0.1345287454720294,1338.004003296268
42.02943085732064,23.665907532130106,flat,0.14112278257988645,1275.4850542867239
53.27003538216111,18.918054127534965,flat,0.13814914453584048,1302.9396642648194
40.10123167692437,15.472533325633318,flat,0.14139964529371393,1272.987634630241
43.21616102834997,29.942490003154223,flat,0.13242127491071892,1359.2981952587272
50.97467578733172,18.523626044719457,flat,0.12575433638901592,1431.3621714258609
53.83790395385387,19.02774048659351,flat,0.10898034188102831,1651.67402572936
53.03922519005201,13.272476423833384,flat,0.12253937511870051,1468.9156022351099
44.4853861892112,25.89619097499859,flat,0.11656753404683809,1544.1692360728337
54.24358442695072,23.87364451562977,flat,0.14670942717497815,1226.9150215228956
44.744981749936,14.415392255775208,flat,0.12324114187567664,1460.551219020517
46.507993963185356,11.647620912316853,flat,0.12623204806784485,1425.9453344467402
54.92982810236048,23.60998604149426,flat,0.13051485376040467,1379.1533669450275
52.992657980944294,23.090224285622703,flat,0.12543602446372454,1434.9944584863265
56.98446820988356,15.465190539964187,flat,0.14195051040430753,1268.0475715608125
53.15225784600687,29.017271245008207,flat,0.11877350638265548,1515.489484835866
51.36617206670943,13.021157835618006,flat,0.12694607455237242,1417.9248994874579
41.87349535656185,18.64669602085204,flat,0.11757529414301952,1530.933869330121
47.35431606118867,28.872318403351976,flat,0.11179977488779294,1610.0211309070678
45.30404735363451,18.394546338522446,flat,0.11888230909094714,1514.1024882204863
44.87979286758167,22.77051895328171,flat,0.12462963202951588,1444.2793183997433
59.46021109504891,17.951887959255885,flat,0.1207069777548274,1491.2145374528798
47.861954493335205,15.484304046973401,flat,0.11807579020126144,1524.44459353766
57.84093110354227,29.679552959196563,flat,0.11093682536328166,1622.5450783412914
52.62277251994526,18.18668012630086,flat,0.12416894427371306,1449.637838614583
55.89622607083297,27.88198407358269,flat,0.10995279625968998,1637.0661422277094
50.052741862103844,14.599092117821723,flat,0.13260055963689601,1357.4603342014489
51.53807769252718,14.262094080501665,flat,0.12582439752934504,1430.5651648999153
49.85035387637728,10.622681657690228,flat,0.1104244850053507,1630.073257677208
43.90485975596089,23.033336507517703,flat,0.12190790922950137,1476.524379243808
54.44904230523011,17.370526874475225,flat,0.11747843594409417,1532.1960881881223
45.61544724881712,27.28716499679274,flat,0.12819174510419182,1404.1465763158105
40.48631932862908,19.464198133831143,flat,0.13840450446023145,1300.5357065652472
52.909445918143355,29.363868558294435,flat,0.10624827530354256,1694.1451471636115
43.54221358814098,13.710510314062423,flat,0.12615026079147418,1426.8698207254538
58.80917168705828,27.372463359112217,flat,0.1233986720443336,1458.6866861527585
59.07857154005175,25.531937055834835,flat,0.13171340076450466,1366.6035418964602
58.29728780440897,25.41843689288104,flat,0.12713196628237688,1415.8516167381242
47.40317400510889,26.895664562337753,flat,0.11748030668261181,1532.1716897308856
40.30913233057735,25.220479818859978,flat,0.12180946064333381,1477.7177326730964
58.566371251754504,22.524406432628307,flat,0.1170397414319651,1537.9391461201537
48.563682966346285,12.624897553647752,flat,0.13576007138598598,1325.8684837328449
59.33309638087339,10.650523589825038,flat,0.12521311648671943,1437.549076730244
59.272399541785056,28.416956956313737,flat,0.14401190685753007,1249.8966504073353
57.060189109347206,22.33300629041476,flat,0.12439339186185379,1447.0222035580525
45.888977841391714,25.930745819523526,flat,0.11791593233089537,1526.5112732593632
47.7019545720385,19.630447030251002,flat,0.10986285607387172,1638.4063407105318
57.02273343033714,12.34616377924789,flat,0.10696860323744055,1682.7367522080294
46.33844010312555,12.503715844051008,flat,0.1091586405699451,1648.9761970300665
43.38985493372185,23.711305744579427,flat,0.12767126651011484,1409.8708732222012
51.136025249167005,18.606117897989254,flat,0.13008725023229933,1383.6867154818824
58.723095483215616,14.010494534006735,flat,0.10918809297967866,1648.5314019862988
53.920595933499456,19.83189093482874,flat,0.13395038314076116,1343.7811507477945
51.4012234017873,11.284178741502682,flat,0.1201693894831656,1497.8856160804246
41.94352987541537,21.639428038287974,flat,0.1264679301198555,1423.2857280846724
52.3001445339834,15.379868088701954,flat,0.14112220628255423,1275.4902629541152
59.801077002085265,25.951182012743764,flat,0.13396839315865533,1343.6004997598995
42.80168030473048,16.207239178471475,flat,0.12231469352094168,1471.6138741677992
50.36659304727473,19.104402981636024,flat,0.11608807774584712,1550.5468218198594
57.54746143855911,10.232410798162013,flat,0.10348184598670696,1739.4355336792348
54.81537235508409,11.448937755891178,flat,0.1178084668075758,1527.9037651343485
53.94031481990536,17.849871128133696,flat,0.12288869761172305,1464.7400737269168
54.049681679742186,19.59877669434247,flat,0.11512820472848816,1563.474392956112
47.1898230243951,22.000410962386074,flat,0.12368743032907695,1455.2812644025387
45.871836885289866,15.833251574186065,flat,0.12576851882958767,1431.2007621231053
56.18722310957027,23.89963772253085,flat,0.12275144018191922,1466.377907527909
56.20226789358362,27.20244794378409,flat,0.1184999741917654,1518.98767259401
57.341446371602075,25.597019777866997,flat,0.12668654671966728,1420.8296355121672
58.26481105112943,10.792376506967143,flat,0.12941940649569408,1390.8269623071467
50.22684797721875,19.610138945156578,flat,0.11409600922557153,1577.6187197234403
50.03032589374399,12.098603568363497,flat,0.13910932379746271,1293.9463372136895
55.9659035793355,14.840900317250549,flat,0.12401411867715738,1451.447640962471
52.999278615555305,29.73325186534293,flat,0.12518849622944847,1437.8317930274654
54.03933754515407,12.849910858030265,flat,0.13208214423256556,1362.7882939503343
55.91585338872202,19.97776306902712,flat,0.12733216131263503,1413.6255769510667
57.800106836351326,22.36311468636238,flat,0.13453136633913246,1337.97793702807
46.75990313703072,24.049299410882078,flat,0.12787124165201824,1407.6660058548746
47.511659052798876,21.192973669738283,flat,0.11887562625359561,1514.1876065999322
41.87963879681738,10.195416948383674,flat,0.12861503525206103,1399.525332689403
51.565602819923484,16.529226164879837,flat,0.11356273792679339,1585.0269488574188
40.71884547593484,20.35423286769423,flat,0.12608559705776523,1427.6015992336877
49.3119603626492,11.757329982896668,flat,0.12466770009355539,1443.8382986525069
50.852892694151535,17.012538624183616,flat,0.1229188314272746,1464.3809895516108
45.73082504256569,10.66406217582733,flat,0.12371462488561069,1454.9613690898068
51.81666521138021,11.571569943100414,flat,0.10618150954502362,1695.210406889869
40.61000499878099,17.93846552403192,flat,0.11951275092259038,1506.1154446740818
40.74696377498429,12.654315080861206,flat,0.12592844901141115,1429.383125203814
56.45201121319317,21.35081696523116,flat,0.126598563919974,1421.8170761698555
47.20381282822526,23.789299382745313,flat,0.11472324859074041,1568.9932268404073
42.5412102530377,26.011733982181656,flat,0.137657078408647,1307.597125268447
50.444865201096086,14.003004884896201,flat,0.11633825151785498,1547.2125259882778
55.39987106197222,13.349651645181396,flat,0.13469457200526735,1336.3567463799575
44.316420549936865,12.091356806688005,flat,0.12927194361871686,1392.4135041312893
52.45780951638,22.728604990872732,flat,0.11853772690156197,1518.5038949623063
41.70694929987536,24.129514529738024,flat,0.1427531089260951,1260.9182479744663
41.033634423372156,10.63172289651284,flat,0.1130636316824352,1592.0238658667072
50.627092631362956,28.724244924873798,flat,0.1341915417361,1341.366211843564
50.81270243220213,11.039425673029449,flat,0.13500582318042978,1333.2758229208923
52.74859802996413,20.82592670602141,flat,0.11829379790923356,1521.6351421746845
54.52182667445323,24.18121038901833,flat,0.1389246530006433,1295.666363832246
59.517041589250695,27.41938247492171,flat,0.12249953485401047,1469.3933345503397
50.326006966023904,24.281738642648556,flat,0.12788693629279857,1407.4932531645609
46.45912945882492,26.034561661395838,flat,0.12760321838771221,1410.6227278146257
55.90372389537407,16.78900385085612,flat,0.12365691258529452,1455.6404186126017
45.416645025241486,26.296502274930244,flat,0.13310808273159783,1352.2845217668419
48.77942841411272,11.602296927693503,flat,0.13293488720552213,1354.0463589645472
41.56912762684532,27.896333121210553,flat,0.10751468026761819,1674.1899762149346
40.50701486830915,20.951847523074726,flat,0.13804340242878152,1303.9377241723992
59.2529682935585,26.345955399249874,flat,0.10837508011964325,1660.898426107595
56.71960241024412,19.046365690366002,flat,0.13532546204341658,1330.126624228709
53.919484121873964,22.871553903930497,flat,0.13626705136827583,1320.9356054350317
48.1790588882854,20.528053218722263,flat,0.11409033569784802,1577.6971721487816
43.46588640141692,24.631790435106637,flat,0.12089185712045415,1488.934029863167
43.12874085342172,11.632599640611792,flat,0.11394295331514065,1579.7378842916278
45.004857963291904,11.207041679811276,flat,0.12285078969711265,1465.1920467405064
50.98453329412241,14.942064680202929,flat,0.12191965715814258,1476.3821043765004
54.29191845400125,13.190893602263767,flat,0.1327966053226934,1355.4563353679348
53.203947534354626,27.435671331844034,flat,0.1381030874611961,1303.37419176509
45.598677938918854,14.384279747160885,flat,0.13895683810789955,1295.3662622938396
59.097305613263885,29.517305116382627,flat,0.11937831973421698,1507.8114719720522
54.75793833391537,16.737915835422136,flat,0.12290778126255472,1464.5126464001924
51.087081050228015,13.642358313773986,flat,0.1081656180777905,1664.114745505801
52.234414924687044,25.79397014284958,flat,0.1169412993350381,1539.2337952761925
48.3920012485558,23.17415551001752,flat,0.13464851633097458,1336.8138387618665
44.95461979002315,19.96391432906278,flat,0.1411558282354823,1275.186453510911
47.11945357302523,21.107271018752627,flat,0.11265651128120077,1597.7771542268324
55.15692220928738,24.384035565445277,flat,0.11907535740847106,1511.647782693909
40.287869772595116,14.569094826625975,flat,0.12473594243041072,1443.0483827900744
42.321452810138325,29.926678321134837,flat,0.12780161158819606,1408.4329435531552
40.920052840435055,29.495863242935663,flat,0.11690396480078354,1539.7253660877852
40.8145760463794,23.00651372693874,flat,0.12924061044464089,1392.7510817283046
57.10921168022014,13.990849018582903,flat,0.12026160652929084,1496.7370318320113
54.07315718760047,23.604564848625827,flat,0.12485547729121721,1441.6668287620398
49.4834765817465,11.443968179583518,flat,0.130462842480037,1379.703190412573
41.95668321302003,10.613050044116122,flat,0.12506422269810938,1439.2605344415665
49.83231750233665,15.153657770224275,flat,0.12063614109473432,1492.0901677271645
49.469435415611315,19.252459134786328,flat,0.12390390196074169,1452.738752787883
43.464037398200304,27.36545010816761,flat,0.12411637040794665,1450.251883843965
48.677032984759464,24.54338139532616,flat,0.12129988970117872,1483.9255043300411
47.970094687947466,24.85413042399962,flat,0.12241203937332898,1470.443601148093
52.317001961044326,18.50986668896151,flat,0.14098647170504716,1276.7182398646848
52.701873017352874,16.91869985093926,flat,0.13060919447941238,1378.1571865399796
40.90608019544089,17.420775259692054,flat,0.1220451968197084,1474.8634496931943
47.49225229252942,29.752991274721158,flat,0.13196954404510736,1363.9510638793734
52.51719831428473,10.80218382824965,flat,0.1216618051024399,1479.5111731939126
50.062725171601755,27.340629922448972,flat,0.13673124637586642,1316.4511022242145
57.12979682376644,21.57350817144787,flat,0.12869642192198094,1398.6402831705811
53.1738726323789,18.77230838379181,flat,0.12392697855995771,1452.4682364696991
43.258688541628594,24.50515320830273,flat,0.12947716925810276,1390.2064822036994
41.4113749480086,19.733378828494057,flat,0.109291238479315,1646.9755719171183
52.84838556412631,27.46846476163321,flat,0.11373232531090195,1582.6634996510168
40.53022621083244,28.01403728022517,flat,0.11306074993600945,1592.0644441318236
51.71551162546926,18.434418537469107,flat,0.12642943094763706,1423.7191344675919
58.80460482849915,15.536555944701032,flat,0.1423251499948509,1264.7097157917074
51.509483557517584,21.847006571867244,flat,0.14731300146192633,1221.888076501664
47.76339852413044,28.24726691233382,flat,0.13138051101440756,1370.0662191842189
52.86576436884707,14.21324378011333,flat,0.13000844474944456,1384.525446380813
49.16505780983033,22.459331671269656,flat,0.10698942265847261,1682.4093029699661
50.9123357863187,22.63120440185041,flat,0.11957326200265979,1505.3532619691857
58.8292961755305,24.66226044830562,flat,0.11712216248091761,1536.8568696750874
47.722052756015486,12.631353702545196,flat,0.11879152401748884,1515.2596238558222
59.22381127647829,24.31649929364177,flat,0.1233185618141521,1459.6342785060206
58.107012839121275,28.18065041331282,flat,0.12027909422302872,1496.5194172998442
43.91582269578593,13.59366217740484,flat,0.10520700189624213,1710.9127411264951
41.38722601750331,14.750866498477553,flat,0.13247910256117534,1358.7048562385962
42.01556002754853,29.427901880832792,flat,0.11427256974260193,1575.181169071883
40.364436513030995,13.619539054189795,flat,0.1273924686411115,1412.9563695566162
41.888859215118565,27.087701867391583,flat,0.14574082669749974,1235.0691572074634
53.66013546832714,19.845557128960696,flat,0.11580615408413576,1554.3215420937472
41.42377296920458,14.944621488063541,flat,0.0996971247725367,1805.4683162696797
46.37951260587523,27.414998025450227,flat,0.12213995778119889,1473.7191928824095
56.897506219389086,18.90610510005331,flat,0.13600959634998572,1323.4360282697721
40.46543871471652,20.296347078593804,flat,0.14458347454220594,1244.9555564350162
56.28936965177871,17.18466738799531,flat,0.11270450405547583,1597.0967753994971
45.637095495467996,21.85901702869855,flat,0.1299669922323652,1384.967035923874
42.36329655243313,13.270477451700454,flat,0.12034689543219947,1495.67630601163
53.934743307283014,17.821630733035214,flat,0.12394051645695864,1452.3095848362823
52.57885693559768,29.38824644670575,flat,0.15144343347017036,1188.562593144419
57.549440270541055,15.16266865402255,flat,0.10997029671604847,1636.8056227471448
54.70142087607772,23.134733290825842,flat,0.12753739661494573,1411.350747133773
56.06961860769697,16.503801284493896,flat,0.12967693171765432,1388.0649211527777
45.64069145142613,25.46946251373201,flat,0.13585786324939347,1324.914110194528
43.548790875594456,12.617473214366996,flat,0.12597983153470896,1428.8001325863643
55.012295032817164,29.396420901570895,flat,0.128080505395041,1405.36609724347
56.136694785345284,19.075790827672783,flat,0.12108351432578209,1486.5772686090013
59.81010284001347,14.72100926692928,flat,0.12769126941245107,1409.6500162324203
48.25235353822853,11.469934946600253,flat,0.1215680772450259,1480.6518625543608
47.440361715855666,13.395158101750814,flat,0.1312157188985605,1371.786867541025
55.528259214839935,20.395478971120355,flat,0.12130389663956366,1483.8764869593845
46.816070805060356,16.740063528625726,flat,0.12877100393902186,1397.8302140537562
58.61514651207129,26.57766731765219,flat,0.12470737186315022,1443.3789864285336
57.16825503686024,18.617750473236118,flat,0.13626050250772168,1320.9990913529741
48.579880547500366,14.974285451752598,flat,0.12448606276411514,1445.9449998115574
55.017421355829946,22.342899732080603,flat,0.10726967531793119,1678.0138419036607
55.09085748169365,24.135544337708914,flat,0.13761921500713992,1307.9568866212562
42.062477376718654,13.340838158018997,flat,0.11594267699137381,1552.4913230474408
58.05105813359133,13.352384325766353,flat,0.1184623366135118,1519.4702818268504
50.105047448957144,10.733428538670859,flat,0.11904338705956508,1512.0537515446733
56.52914932215484,24.72804030131281,flat,0.13874438093170818,1297.3498370978957
46.400992020612236,23.276090552436102,flat,0.10364325786021304,1736.7265726321698
57.91046456992401,19.492617514996276,flat,0.15637748533659995,1151.0608423748022
47.784033574683264,26.883408979383944,flat,0.13556056809066053,1327.8197527146622
40.21675302960597,26.113403059001065,flat,0.1272323891412916,1414.7341035945649
58.10763952838528,21.707087287935042,flat,0.12445105999383714,1446.3516824116537
41.82573353572267,27.365425610265174,flat,0.12785554074857658,1407.8388699161944
46.3862727518083,14.116824200735365,flat,0.1302112242837934,1382.3693079460857
59.0012393410161,12.238392387954558,flat,0.13145215585950057,1369.3194974480953
59.012142938751126,15.394992230339792,flat,0.13055604466003448,1378.7182391188142
51.46875776246572,11.141737121786297,flat,0.1258958068125525,1429.753734911948
52.63674424339598,20.62339056002064,flat,0.12302661579692674,1463.0980364209652
48.96891043956639,28.732113845899228,flat,0.12348726716346488,1457.6401610841951
45.86421543396129,10.786870813370193,flat,0.1230509171964732,1462.809088310957
46.57329090739832,12.442198280200536,flat,0.13633770096867065,1320.2511023811574
53.45036912154077,19.043980565668704,flat,0.1309355672228086,1374.721963007195
55.047490588753604,28.6775003505581,flat,0.0955961136533572,1882.9217331229727
55.83158087451697,16.32312209953501,flat,0.1315590077652976,1368.2073394861836
55.79236285589108,20.144696173767848,flat,0.12694736194718775,1417.9105200695942
41.82412206097381,10.831457181007842,flat,0.12481291243554103,1442.158479339708
49.88840609405163,12.966864019241777,flat,0.12111481546911114,1486.1930747515098
41.15117520033289,29.73260245917694,flat,0.13624112719986015,1321.1869550664196
50.99057764647471,29.30237392872091,flat,0.13447526462122858,1338.5361278670782
48.83061002746754,10.098799618688192,flat,0.11727122332176391,1534.903405127134
57.754083655166,29.03623570846478,flat,0.12907052287124535,1394.5864322526957
47.01830025104157,22.78239875631001,flat,0.11528343265458714,1561.3691911769924
42.341340328552114,27.358365890400442,flat,0.1112038183521107,1618.649455273705
42.85983364105672,19.09479711267718,flat,0.11873282775410035,1516.0087012564545
55.23021263434944,20.311920571585006,flat,0.13362393472382758,1347.064059833457
52.36436126632522,19.776931605138405,flat,0.13453125045376085,1337.9790895637814
42.022453522455805,23.337285150922085,flat,0.13013085420097292,1383.2230726927344
41.68213612229995,12.793025095126257,flat,0.13225095786847998,1361.0487432461937
54.0193826291824,10.599471797453559,flat,0.13016178287114957,1382.894395186539
41.45526012728387,16.158598831823817,flat,0.11858518404777048,1517.8961979558035
56.437201185807126,24.093615254732935,flat,0.1293192254467394,1391.9044084758584
54.124844543129925,14.037069042458967,flat,0.13300409525227683,1353.3417873982244
41.626975612837995,23.468648666498346,flat,0.13254291329813575,1358.0507287863556
41.69675428170384,29.39824092214541,flat,0.13688913371474642,1314.9327131771413
59.73279157002351,11.878014315788368,flat,0.13208303847201064,1362.7790674889973
47.4854159151224,23.452042364502525,flat,0.12851448207541583,1400.620358835287
47.412842941337814,18.875004386091423,flat,0.13570150238316428,1326.4407308605566
56.25599134515005,27.362845087550106,flat,0.1247347874075094,1443.0617451724897
58.94497154767717,13.542995788947717,flat,0.11618125348772282,1549.3033049348282
59.720021276457416,23.85251904452329,flat,0.12336933036056236,1459.0336145452634
55.067563705178834,26.762305792962206,flat,0.11755097355193551,1531.2506103615867
47.525191710618316,28.892284389480466,flat,0.11824821725025618,1522.221680679165
41.67001433397338,23.664960565792917,flat,0.12355481329284482,1456.8432843920941
55.542938318548735,19.94349528016855,flat,0.11707580079000039,1537.4654607135008
51.1680849947161,22.356944804024277,flat,0.1219203847036096,1476.3732942410154
48.48444018493953,27.378099689574363,flat,0.10606385333046214,1697.090897114361
58.12708770189472,21.412194932776593,flat,0.12713293707372939,1415.840805247903
42.223949646123025,10.607741193936738,flat,0.12501205475362223,1439.861142629403
49.85250208581718,28.618973910139555,flat,0.11682911368931809,1540.711850974675
40.22707289534838,23.790535020631225,flat,0.13159245668432404,1367.8595607634288
49.37321283988253,23.53026771554493,flat,0.1343757013762656,1339.527891995754
41.126065513636746,14.313503047954343,flat,0.10892440135631026,1652.5222792934096
42.37635832536144,23.177709404653143,flat,0.11737275221433786,1533.5756945640728
42.3505249355421,17.877288113083168,flat,0.11730857650212702,1534.4146640185022
52.984206042321276,23.02465954082984,flat,0.11560096898891135,1557.0803737576448
54.92089758530847,12.131860606159815,flat,0.1332947484193175,1350.3907853425517
51.667375301943196,23.156906092060723,flat,0.12306173861227196,1462.6804564099507
59.24345096949084,29.98827451541333,flat,0.1223548515868939,1471.1308760173495
47.49741159047408,10.96424077721112,flat,0.10496137635593247,1714.9165364372273
45.714241725637216,29.543483684426345,flat,0.13135418030209225,1370.3408569565936
57.3719825637892,18.13815921445741,flat,0.11260741605146528,1598.4737623118365
44.47191677038905,27.415069006745185,flat,0.1255993263026633,1433.1287061703224
59.264450788812226,25.64770968116547,flat,0.1277737693795819,1408.739844445442
40.243089493796326,21.340325219733355,flat,0.1386065859583865,1298.6395902864308
59.397576534152776,24.768984185026532,flat,0.11191179600880888,1608.4095369699162
40.863198239011524,27.57031122602696,flat,0.09480487844179175,1898.6364727055297
57.82286227396142,18.082806433020657,flat,0.12683849544753695,1419.1275240603256
50.554022181726,16.540663231264773,flat,0.14300511181510853,1258.6962641777604
59.85929592238601,23.351867711271694,flat,0.13738946352939438,1310.1441360638921
41.475931294707976,26.15691883882517,flat,0.12709659415274627,1416.2456610259262
51.077085688026415,25.245702695532316,flat,0.12008363814367953,1498.955251377634
59.38605071238198,25.956272977172688,flat,0.1330712259663731,1352.6590642930255
50.461956883402976,18.71166629625866,flat,0.11526453800295532,1561.625137432858
52.58797276270525,26.35668432350043,flat,0.1297635776935622,1387.1380798784044
53.914973779692346,12.40418110741217,flat,0.13005470159166627,1384.0330091652309
49.09082129535547,20.88978195921699,flat,0.1356020990749888,1327.4130800914734
52.55116160168127,10.115173209962432,flat,0.15259660038911077,1179.5806691696437
51.686286238462,16.491716598005404,flat,0.12892415967178766,1396.169658644587
58.02316020981978,17.32923069742796,flat,0.11991036374292502,1501.1212907826778
40.90892760682916,17.923453832185107,flat,0.12474425687808005,1442.952200804921
45.6192637918446,23.909344133797244,flat,0.10730924095110882,1677.3951470033212
59.008229681531176,17.771162025406916,flat,0.11805286868910941,1524.74058444126
57.80527567781833,18.973872452450614,flat,0.12090717561886896,1488.7453873491104
49.11313505571426,14.75088261748655,flat,0.11975911602065407,1503.0171061796796
52.40265195603074,17.4650358325868,flat,0.12652354872033722,1422.660064632435
45.54762365962265,14.545392545263029,flat,0.11677580067617799,1541.4152500580508
43.762423194475225,11.463918475368873,flat,0.1362103066732447,1321.4859021777443
49.27396809879964,22.06897186762756,flat,0.12500207064918198,1439.9761465165611
47.067044560521055,23.364255971100327,flat,0.12490699678861386,1441.0721947355973
51.67312223701744,22.389806920192292,flat,0.12172105283487082,1478.791021009254
41.554692739299696,19.26988087601145,flat,0.1265519068385898,1422.3412708398016
59.487896153323334,17.595715603584594,flat,0.13325098264667634,1350.8343160011189
59.72421488959206,27.266672991436504,flat,0.116328697842891,1547.3395932197313
53.9632342803949,20.38163570272436,flat,0.11841883510924743,1520.0284636640852
50.72192732688241,19.58363755259462,flat,0.12196273971223336,1475.8605818851188
46.19055232572656,10.512841316128714,flat,0.11154129076526785,1613.7521698471244
56.27590039413897,16.824956552523126,flat,0.11680742140278502,1540.99797631273
53.69462345107759,17.60391237571714,flat,0.1202377912645534,1497.033487615842
43.25233878689782,17.976455617938008,flat,0.13374389180712729,1345.8558560534404
58.21854368987685,21.603447384546648,flat,0.12762561329001926,1410.3752010261767
56.45074485846338,20.67205093453757,flat,0.12693589911367545,1418.0385632184623
58.99599826583848,22.158101855868892,flat,0.13350897962167974,1348.223921043067
54.5143901677672,25.297665230842565,flat,0.12362628211600603,1456.0010777570346
52.2683039187158,26.25971477432187,flat,0.1289046484992889,1396.3809846701763
48.36486072581238,24.362461524529888,flat,0.12396778247067504,1451.9901575441954
58.65456966708027,29.110473919098695,flat,0.12765362349399628,1410.0657315729518
57.32127779000817,10.364651653527233,flat,0.11917241342388418,1510.4166713462307
40.90437340212379,13.915559713670921,flat,0.1006118284172357,1789.054058868136
40.52733948994504,10.151257499562842,flat,0.12365720837813696,1455.6369366642168
47.529267337560995,22.949494283092058,flat,0.1392274813609994,1292.8482095663467
56.21106661563665,27.96061097899974,flat,0.13426215402241592,1340.660749193312
59.74552258629889,14.869645931525985,flat,0.1346539748459117,1336.7596478750738
43.008337822070565,28.540690895926133,flat,0.13736130721806217,1310.412689319042
51.8826143070427,11.205347805791217,flat,0.12588657590961438,1429.858574668348
47.61781713262043,28.688720536110285,flat,0.12697315707405596,1417.6224656288305
59.398287956292066,17.03245374479269,flat,0.1188234810456565,1514.8521017561936
56.84237846271417,12.02841656898433,flat,0.1218392714397295,1477.3561748441757
56.76657409422276,19.717435183726515,flat,0.1311577114977114,1372.3935706452216
49.3738631958994,15.135531354410158,flat,0.13703884437168817,1313.4961902611278
48.2963900467533,15.697458039238457,flat,0.12360553724319001,1456.2454402496196
45.468141438614126,16.14579929852573,flat,0.12049810735148589,1493.7993961593986
41.127509933018544,26.060517956653268,flat,0.12500527958856597,1439.9391817084845
57.29444752510106,20.78322553350509,flat,0.13101206748929115,1373.9192385061253
56.258020182601555,16.22615398312007,flat,0.11056145183866459,1628.0538741718292
59.99435346572261,22.206675666218366,flat,0.10203819046862761,1764.0453948989061
59.93273674147811,24.32301348446387,flat,0.11949463150508416,1506.343822587055
51.10863411205255,15.452480014670675,flat,0.11279287574085842,1595.8454717791744
55.379748303610214,18.270982030507028,flat,0.11991859802352689,1501.0182154121392
58.895314597648564,12.43772186673895,flat,0.12352219681182529,1457.227969109175
56.99294781354823,13.622986990693606,flat,0.12046751590976987,1494.1787305950588
44.94696203486395,23.622357079299654,flat,0.13952467534470744,1290.094383343268
49.01088270620187,13.628766953912539,flat,0.1282674476460232,1403.3178589219451
42.5831883030299,20.503267673341202,flat,0.12800474359610828,1406.1978872279271
59.08102054517445,24.180925234448654,flat,0.13122207144043402,1371.7204584878687
52.1234926890176,12.137538461894877,flat,0.11361166882219231,1584.3443007752012
44.57285611006925,21.346244392578072,flat,0.1353911178742027,1329.481599873082
53.43401368811713,15.131255674027276,flat,0.1242423571346454,1448.7812703434809
52.36256480915792,29.258537504751597,flat,0.13170480617241212,1366.6927216336023
47.16325436065681,19.670912934398494,flat,0.11428142766959845,1575.0590771442055
42.271151843992584,26.119850995503164,flat,0.10946241233983936,1644.4000835754298
53.43146391185599,21.004530843125234,flat,0.13317889658025028,1351.565485388569
50.40615401807587,10.868250657096382,flat,0.12876409526097515,1397.9052129025679
55.44636783471279,22.663027511880447,flat,0.11597948445642489,1551.9986215116219
50.403270022239866,29.02806684413314,flat,0.11630336918725305,1547.6765742718326
57.043630006370805,22.032236402926625,flat,0.1362543478441477,1321.0587614120766
51.03813677548971,26.383777188535802,flat,0.11310588107132671,1591.4291838325241
51.21875943070773,27.684129266968156,flat,0.14142672953255964,1272.7438483158867
57.533072053166904,14.56159543897865,flat,0.1159937926535213,1551.8071776277557
48.06965732424794,14.240896798164533,flat,0.13138391925608384,1370.0306781772683
42.68030456901281,22.219619777019837,flat,0.12171381524251015,1478.8789558634476
40.57565352626678,18.220569396134096,flat,0.13103187431082344,1373.7115564188468
55.10274511347238,26.797226057334406,flat,0.11955885997885807,1505.5345963639156
52.4061910270693,28.000462467960222,flat,0.12337207093927706,1459.0012036727085
54.08159536198447,17.068427586054362,flat,0.1254091917539572,1435.3014917211617
44.25928323017821,14.73741117948964,flat,0.11497812544218527,1565.515173497152
42.727429511735394,25.610510304877238,flat,0.13240824345420127,1359.4319757157737
40.290893313357635,15.496120710962721,flat,0.11986786433528415,1501.6535165465148
47.01175117613194,26.45228637027357,flat,0.12271400084659981,1466.8252909870594
51.79835373709266,18.474765072975256,flat,0.11505650625391488,1564.4486857854279
47.84488090199464,23.35099798582941,flat,0.0993766634120469,1811.2904360016937
48.74949844047458,11.910706276693364,flat,0.1230897223739983,1462.3479241677412
58.08317388987497,22.477186493531462,flat,0.14912615421612915,1207.0317305918402
46.96510934046601,19.035353574744583,flat,0.13284604287898025,1354.951913501676
50.279789783196215,21.732169263509483,flat,0.12480739620265606,1442.2222198091924
55.67306025482286,13.360284154897268,flat,0.12237109170791732,1470.9356391919328
47.9308556464254,24.73747489888364,flat,0.12522465892812046,1437.416572268892
52.44173400455747,27.25594155086457,flat,0.1304711911517521,1379.6149051068335
57.2472741749349,14.334796001815512,flat,0.11319187184691155,1590.2201903988685
58.990412473152844,11.914291110403234,flat,0.1361432169466887,1322.1371144071381
42.94146961858076,10.472771720926728,flat,0.13215381315441244,1362.0492341729305
58.53175250322989,22.83943000886532,flat,0.13218185725707934,1361.760257687404
49.842325861590766,22.141880721775614,flat,0.12938475738809727,1391.199424365571
45.16488776597917,20.9339482542814,flat,0.1251961665769399,1437.743701915826
49.182715124765224,14.638941922319509,flat,0.1317286123596682,1366.4457309284708
59.60065150570954,17.81811991811029,flat,0.13091814133741378,1374.9049456491146
49.85236187985739,21.88952670372346,flat,0.12145959289058976,1481.974339911901
46.57503220575016,19.93533717718339,flat,0.119263982271031,1509.256999241771
52.668017086334515,29.755710404297744,flat,0.12601856295261987,1428.3609952581028
44.802912375563864,12.728795051134663,flat,0.14049020151495187,1281.2281430235064
41.517266562173276,23.902891080951875,flat,0.112608929243461,1598.452282685676
42.577594438212984,18.086375362085843,flat,0.1103247473424756,1631.5469043517044
42.56091677915545,18.563992298512296,flat,0.12664760841236516,1421.2664751940615
43.03805387024589,24.351955313163526,flat,0.12550887701856017,1434.161505352181
42.7765434529882,23.84872302648739,flat,0.12673341664370408,1420.3041689158322
52.81749489606429,29.825119874043764,flat,0.127439531979085,1412.4345656694743
43.637601687982894,12.567885789082505,flat,0.12276797745365195,1466.1803813454092
46.91334566647726,12.082192987683326,flat,0.13989863438602082,1286.6458689176902
57.935768198120236,24.48677634257482,flat,0.10899096021523484,1651.5131130557693
49.479232805257446,21.56773834012818,flat,0.11671502975219754,1542.2178307469517
53.35115477042054,15.483213331196117,flat,0.12396745239850952,1451.9940235713368
43.4463974240326,11.588387379779732,flat,0.10856811188845833,1657.9453844138875
43.845780376173416,11.713164991928611,flat,0.12324145595567929,1460.5474968157835
40.81737232532958,27.883817493282365,flat,0.14161470165728018,1271.0544731126543
43.37870126144329,13.837346494374858,flat,0.12520886488295963,1437.5978902792306
45.57180678063917,16.467431242310415,flat,0.12730700905718684,1413.904869284481
43.54020968553493,14.53312804453976,flat,0.1123983523482742,1601.4469628723502
41.77405067514111,17.09992611663875,flat,0.11883638591960523,1514.6875984748726
42.412717422012015,11.388476854921867,flat,0.12124803619676063,1484.5601268782368
49.21557536065451,20.38119581816541,flat,0.12182284903243766,1477.5553307907908
44.12667436811585,11.352251271844299,flat,0.13781643795003767,1306.0851279965243
47.28539722096151,26.007130156447232,flat,0.13057691060725124,1378.497922510997
50.068345417097134,14.67424163820866,flat,0.11388542043062969,1580.5359397135674
53.80789657258731,20.800238292090214,flat,0.12746504778432005,1412.151826158437
40.78624279682198,27.601581751229165,flat,0.12998221748496785,1384.8048100950161
55.98820797818085,23.01754738094388,flat,0.13640149038521265,1319.6336747616203
52.558007789818156,20.659155731026708,flat,0.14080540686568374,1278.3600005623684
41.63518063897744,16.486675062307512,flat,0.11484905808172131,1567.2744992990736
57.47157248213554,16.660038261163958,flat,0.11689142488789661,1539.8905452014717
58.417448010636264,23.3897391039638,flat,0.11242422141085384,1601.0784663759491
41.22155919709728,29.88278722442335,flat,0.12265980140893018,1467.4734341033688
45.537552962944076,23.236783796987574,flat,0.12966358374446335,1388.2078128793507
56.12402559586123,21.1556683474005,flat,0.13487334516589103,1334.5854199627381
54.96519380767317,24.61301020478492,flat,0.12424048976357477,1448.8030459517151
43.690420387127546,19.30411224567436,flat,0.12180152476745155,1477.8140121288575
44.186986466734204,11.202846852015703,flat,0.1265175799224874,1422.727182343191
47.40944205582764,21.245936317558197,flat,0.11664857098369977,1543.0964861554355
49.69045970382042,29.152505690107603,flat,0.14589538721694773,1233.7607338629452
52.36509543060592,13.506058847153193,flat,0.10892338972881942,1652.5376271169682
47.378272791395446,23.800097816413313,flat,0.12684740578895726,1419.0278380582376
49.25069432266296,14.01867377318113,flat,0.1452360621922964,1239.3616109040138
54.94941876267513,20.716553689461627,flat,0.1250679984456,1439.2170838033635
40.73366405781196,11.933528992934392,flat,0.12309960964998505,1462.2304693881852
45.048738886880415,19.007418725163703,flat,0.12142554577189572,1482.3898781409596
54.26699171769105,25.12326657790492,flat,0.12319608318237592,1461.0854123790057
57.904136753743984,16.951430484779642,flat,0.1387284847467653,1297.4984937561428
50.233548842313326,23.29823448974436,flat,0.10288138088670493,1749.5877140123116
50.64226970530631,25.908999215794584,flat,0.14033433701296325,1282.6511588776216
42.14344022679552,28.543556389589053,flat,0.11076042847549855,1625.1291411338123
48.948247336469095,14.69284163710907,flat,0.12233347670765585,1471.3879213140624
50.65234532910046,17.986318316186164,flat,0.12070755579701338,1491.207396351353
44.849410072694596,13.048320266608348,flat,0.1308855326977072,1375.247487556378
45.38486461898762,29.849670043167503,flat,0.10901875648116252,1651.0920304902065
47.54568326209245,28.540019358485907,flat,0.12962172666081942,1388.656089044433
40.40142395555453,20.79914260561119,flat,0.14524309623286852,1239.3015893258407
46.441583311663564,26.840665887528424,flat,0.1113682599540719,1616.2594268262046
44.22896013993089,20.41915954544084,flat,0.12689706167610396,1418.4725605344406
46.54994704355829,22.471713760055195,flat,0.11838017822203391,1520.5248269046524
42.39524263638502,11.782488642320333,flat,0.12925887206193035,1392.5543146760451
57.8105456147979,25.10540840993616,flat,0.1251914777741575,1437.7975498037956
51.87184907108097,12.554269672704697,flat,0.1185851309095569,1517.89687812786
53.58204638288979,26.521352605050566,flat,0.12987872284871074,1385.9083000814
55.783424772146766,25.640561753407717,flat,0.14304348109786744,1258.3586376568092
49.96884397858115,24.174893954859527,flat,0.12309096208272702,1462.3331961531467
41.738405761748474,10.723207610495242,flat,0.13219757942148183,1361.5983045053424
50.742130836370954,16.06256711890657,flat,0.11206727042128836,1606.1781403556618
51.736822360417584,15.262251398216858,flat,0.1154356362318199,1559.310503028032
54.908789483686604,17.20272814943038,flat,0.12972406277880377,1387.560612458794
48.63319092459359,11.75285493527677,flat,0.13984116028535964,1287.1746747001548
42.55160605591128,28.739156460621256,flat,0.1285561334878566,1400.1665662805794
45.67551811597449,21.076044814247524,flat,0.12186941969476846,1476.9907040734595
47.2616459279727,16.11048621316047,flat,0.12499291405423354,1440.0816347229033
52.91834482663202,17.939630341485667,flat,0.11249592266030282,1600.0579909330152
51.41556609337824,18.944050810096712,flat,0.13104515326355368,1373.5723566822037
47.12193451795692,22.011886667212345,flat,0.1338233306232341,1345.0569430734884
59.730304975859596,20.313588553929954,flat,0.1204790966716692,1494.0351062768816
52.11549638713774,28.387839464288348,flat,0.12029957852240498,1496.2645938653577
44.74453583471989,19.939269658116604,flat,0.12765878229652047,1410.0087495892255
42.03564945240807,29.84316029646625,flat,0.12063280263959404,1492.1314606092099
43.05718278368664,27.028499154901915,flat,0.12433867385374178,1447.6589979697872
44.919154567690164,14.170210287146716,flat,0.14599721789166514,1232.9002059036911
43.21362746519112,28.611904292878325,flat,0.12252974299254003,1469.0310744466258
43.731340481026116,12.327327957709521,flat,0.12141659847978778,1482.4991167082037
45.701903373876945,26.348994169823833,flat,0.11852458194364841,1518.6723044978096
43.467471905895096,17.6124658695316,flat,0.13244191971499936,1359.0863103414724
57.935308492528506,27.55948640890139,flat,0.12318775826781897,1461.1841511773205
41.60467491323284,27.361133802149006,flat,0.11850626961678574,1518.9069792009047
50.49022779140509,26.118508002352424,flat,0.13821304032273013,1302.3373162163027
48.20793653979323,25.800608726141228,flat,0.13919603004513637,1293.140328367356
59.647572338172125,16.093582781960816,flat,0.11899576434261294,1512.6588832333855
42.24077804336105,11.618385661025044,flat,0.10633460048639384,1692.7697962530276
47.95711198091483,18.05960357530323,flat,0.13507513689836922,1332.5916533065024
59.389408665507375,13.470490299730173,flat,0.11815370174239996,1523.4393619967832
57.310142517879605,23.899021778049235,flat,0.1329062559916277,1354.3380532165388
56.341441418985596,16.92199453075571,flat,0.10529896182288165,1709.4185629557242
45.1580565408988,29.512204017198297,flat,0.13392597338299309,1344.0260724127597
43.41775174780132,22.81944154690664,flat,0.11288828070719219,1594.49677922619
53.372864398488616,26.449611272687218,flat,0.13230764119066524,1360.4656418944578
58.587519782551716,12.650493454836969,flat,0.12514273067836434,1438.3576179316967
51.1352578602786,27.24028964545245,flat,0.11546060580603355,1558.9732856796934
51.432253789398,28.455143810267888,flat,0.12092963687073219,1488.4688704755733
45.599581873205686,19.741238376378718,flat,0.131863184569567,1365.0512126456151
55.38985866383874,22.12505875501955,flat,0.12605894453115235,1427.903435725796
43.74087497115047,25.29619601805991,flat,0.13084412980472485,1375.6826559100255
46.47358472808487,13.496772545208252,flat,0.14476440584515485,1243.3995701438819
48.50872877232834,20.051321529268847,flat,0.10935758388288949,1645.9763795875476
50.1522075736891,17.973260555446263,flat,0.14117212574968624,1275.0392405308103
44.84819464830161,12.927479843244981,flat,0.12604355937523212,1428.0777287805668
42.29673649478407,17.350688445830627,flat,0.11601215951676871,1551.5614979478278
52.21240084883265,11.363446187709872,flat,0.1116968637426101,1611.504512917972
45.77261106480512,10.51623813898974,flat,0.12310879609222966,1462.121356991819
51.624764428452245,12.703325783096455,flat,0.1342165011192446,1341.1167665597172
43.087254305484045,29.262302231783476,flat,0.12372450879622465,1454.8451374049225
49.62280203709635,20.99059071790034,flat,0.14011154930247346,1284.690668942752
50.651788651031715,29.3164432230644,flat,0.1104882430994844,1629.1326113125604
41.036470736448535,18.649957566602637,flat,0.12487911052153945,1441.393994946442
46.732085563878414,16.23632266170519,flat,0.11247606555586881,1600.3404734191283
42.68829353877948,20.122837256804882,flat,0.12863631882624968,1399.2937736591152
41.267499409455354,18.790233772658205,flat,0.13386887390097302,1344.5993437813754
59.7992046477989,12.11329368523488,flat,0.12079238206318947,1490.1601982303616
46.44707689949446,22.816526293804124,flat,0.09895786143372866,1818.9560424215983
56.1974889170927,14.320763650191992,flat,0.12698948146796493,1417.4402314211181
45.092813095275275,22.39175909795659,flat,0.1293673855173351,1391.3862391219168
53.63005444447859,23.004021847963067,flat,0.12904294754961698,1394.884442877361
55.20455719779373,13.040497062572962,flat,0.13735782191822155,1310.4459395633562
51.91277481215688,11.226992542213363,flat,0.11428946320350951,1574.9483369213401
49.43152377100317,25.615231721368797,flat,0.13180216105450449,1365.683222186047
48.23681828294537,19.196008475386403,flat,0.13692507512477975,1314.5875569976215
46.977365330859904,11.163275910109515,flat,0.10721412415993484,1678.8832759710658
58.59058288495652,29.897326343395342,flat,0.12819651825918976,1404.0942955726234
56.61238815575459,11.155611219927334,flat,0.11995820168992329,1500.522660928822
59.300538213330256,23.900704577171062,flat,0.12418477326898354,1449.4530630588742
42.485944469710894,29.67357850526827,flat,0.12847676483538337,1401.03154240094
54.617349504072884,14.783602084318513,flat,0.12012771435886448,1498.405267765901
58.76680913642076,12.844987373743923,flat,0.11824291920838388,1522.289885982765
43.624661323313205,12.427698788448577,flat,0.12534152417488026,1436.0763616441955
41.329925347335546,16.06550295135191,flat,0.11412754061137198,1577.1828520596746
54.82241298580118,12.020916220212934,flat,0.11414174871114814,1576.9865280013844
51.48946226359824,23.84322683388264,flat,0.13179373282956502,1365.7705577910526
56.83657553516544,11.245835962601253,flat,0.11351205964841343,1585.7345955797382
42.79544753252579,20.188442562995796,flat,0.1316631250090921,1367.1253814427537
55.905346237197804,29.933937077059536,flat,0.1296259129285395,1388.6112424082278
44.03254640095489,26.279405390120377,flat,0.10774193271209404,1670.6587256142195
43.27311885731409,22.304388764620217,flat,0.11822435347664345,1522.5289435442844
43.28531595861986,16.125072415732234,flat,0.13694109403047372,1314.4337809945077
56.29149440462764,22.47791672583277,flat,0.11518834468860319,1562.658101274107
53.303944413924,20.540829278233034,flat,0.12035595737690613,1495.563692259228
50.46130849538238,18.52166767780743,flat,0.12962060893251898,1388.6680635307673
47.17660968247005,12.61420753480399,flat,0.13283390509282594,1355.0757231311827
57.544010816262166,27.732084304809334,flat,0.12248461113955504,1469.5723677067788
47.84890214845271,18.99569297642645,flat,0.11902489805308358,1512.2886298942453
56.33198878943154,13.892450236415302,flat,0.13922369861698508,1292.8833365876424
48.78269817140437,17.35518701754579,flat,0.1423889966379758,1264.142625133108
47.53888858849815,18.282595050578543,flat,0.13478858050781795,1335.424702314153
49.25359571339213,26.550757911337485,flat,0.12585318142565025,1430.2379801684858
46.02755748328284,24.672287611228043,flat,0.11691734278359074,1539.5491867547203
54.95218760352502,25.386097872826795,flat,0.11669555593443434,1542.4751916099822
50.054407801849585,10.220625288572943,flat,0.13022514105265756,1382.2215782988908
44.64425390293635,18.32307996359523,flat,0.12918398220888683,1393.3615988779873
57.991491465491364,19.626883032706473,flat,0.1390159859294643,1294.8151163804334
47.67782442746423,10.383845536461134,flat,0.1315045009253614,1368.7744429535794
50.871057222279774,15.196264174900683,flat,0.10996919698240182,1636.8219914236993
58.12944221929094,25.2057964624427,flat,0.13551947617722918,1328.2223712597608
52.48475991827984,12.74219411457998,flat,0.11501939372685586,1564.9534758238933
42.33796081416728,20.706202629051834,flat,0.12116028728047648,1485.6353021292714
58.796642472269504,14.30403744034475,flat,0.12750200206251694,1411.7425380641646
52.55416106142836,10.242415492877866,flat,0.14495667489783964,1241.7503376568045
46.69811229314172,14.82402915199083,flat,0.15609918556005362,1153.1129989832739
42.785441453267744,29.517475098201075,flat,0.13106723059136183,1373.3409883451307
55.88050378540592,26.03074223765979,flat,0.12316803381279612,1461.4181490757833
52.40145511857027,29.191532886420667,flat,0.13034505648480552,1380.9499558656667
50.66922183952643,19.757080878527248,flat,0.13387655425873837,1344.5222055246545
57.87785166101915,12.19472397355007,flat,0.12179332374442808,1477.9135215795013
55.77194422449061,20.95918977947386,flat,0.1429521135591232,1259.1629148984512
43.033497594655024,19.08754669119922,flat,0.12730070759191403,1413.9748584667989
46.23444135591097,26.88714165479232,flat,0.12997743089091393,1384.855807398351
44.969782796289316,11.961651615684891,flat,0.13165924252054462,1367.1656964904087
54.87892585145354,19.764822740435562,flat,0.12921586610614455,1393.0177881726904
40.67064869471559,13.000973293879685,flat,0.13338940500469612,1349.4325129770457
51.39779369742633,16.4935185378012,flat,0.11882746813453077,1514.8012730205833
55.24917371481381,24.747141547755994,flat,0.1194169824605397,1507.323299342951
57.53531273523499,19.52036258737533,flat,0.11399845767028305,1578.9687306175033
46.84163497431815,17.517765702915387,flat,0.12939501230620226,1391.089167904288
56.42514609344026,17.889525571400707,flat,0.13278936503512115,1355.530241088149
42.212634739104146,19.188935368119733,flat,0.12957772866151887,1389.127605949889
56.92904583469036,25.700330876741138,flat,0.14174492433347538,1269.8867408932686
42.549773246639646,27.84169377880469,flat,0.12494403981170954,1440.644950101339
47.945745811207345,29.106693730078565,flat,0.13168741655592514,1366.8731964496958
55.94590731559107,25.7380677251059,flat,0.11408299123860685,1577.7987414751985
42.99834854697548,16.308137914960255,flat,0.12112900297525599,1486.0190010543558
44.58502790465283,23.762694121730842,flat,0.13195537757565778,1364.0974949792812
54.445051367861325,18.75206248110784,flat,0.13349102110743144,1348.4052972756788
54.40073073092149,15.093412440921023,flat,0.12206033052335817,1474.6805881010962
52.82295265770595,26.817431588518453,flat,0.12428400748141934,1448.2957513814501
53.878968889342005,10.7685269792465,flat,0.10982126253319191,1639.0268682769656
50.854488866951925,28.03523984270847,flat,0.12142970799193391,1482.3390665812742
45.03598117813905,19.22954929249468,flat,0.13390383163519787,1344.2483146440848
46.91391987007839,22.74402953616561,flat,0.13075205016106567,1376.6514542469408
43.631954336028514,23.187078444115656,flat,0.1300066572138121,1384.5444830103402
58.169011226672566,27.902354814130728,flat,0.1254977368718096,1434.2888125852187
51.66783589532241,22.733393643344147,flat,0.12507063158628176,1439.1867836361282
48.0170283352728,22.278671695201236,flat,0.11839678860526553,1520.3115060841671
49.24011607288266,11.333040811213799,flat,0.13198828420202535,1363.75740535036
58.94566679223631,20.36816043890408,flat,0.1292097294438939,1393.0839478938815
43.067028062321604,13.003380016340833,flat,0.129920188479928,1385.465970346934
51.724596640335946,24.748675374429713,flat,0.1197396515733242,1503.2614312375426
50.11777357768932,20.244438416253487,flat,0.10346657080128756,1739.6923335334898
52.22908470869296,23.604555584167066,flat,0.13597152711753696,1323.8065631520326
40.36220367641681,10.833458012047686,flat,0.12021162543991595,1497.3593389265618
57.44247817888303,11.695840320916064,flat,0.11637224235956879,1546.7606050232594
58.64236564967224,24.326467761253646,flat,0.13193478911913994,1364.3103627312137
51.30266367178418,11.441686719973468,flat,0.1210798736008087,1486.6219681847915
53.93301647753785,11.425134555305172,flat,0.13559936384046622,1327.4398559256626
58.449987623545915,10.242169504697749,flat,0.131170059495767,1372.2643771905036
54.14477268626797,29.1300279659896,flat,0.13183569323200478,1365.3358630521673
43.05078085828523,24.75016718918014,flat,0.11134044288799466,1616.6632297401127
51.525767203336265,17.065028170041284,flat,0.13711943985386402,1312.7241490472557
52.13430092765712,15.930711625753105,flat,0.12761250531233856,1410.520070579605
48.48261342604772,16.994064594916992,flat,0.12130722860753797,1483.8357290508152
54.728884712494455,25.493070623623638,flat,0.1264338846734225,1423.668982922879
58.687340295380295,23.227412221408287,flat,0.1072376476710168,1678.5149983166662
58.51137025813553,13.703911357349359,flat,0.1290865281148067,1394.4135195882873
49.016787428082644,13.482186706681688,flat,0.11470628491817929,1569.2252619670764
42.264760916815106,11.967912994267946,flat,0.11147329714156465,1614.7364850203578
59.69682397924669,23.206054394026765,flat,0.1097764081378211,1639.6965709974336
56.77796172891868,25.28745324443472,flat,0.13612688374989926,1322.295751151603
42.49325362406534,15.30092856650008,flat,0.11870736606307211,1516.3338718539305
58.416837652347446,10.418899220618256,flat,0.140337277099165,1282.6242871507943
57.39792724124257,11.643433349528546,flat,0.11964198536947702,1504.488574342243
50.376761142521445,29.35720069690061,flat,0.10792642042407052,1667.8029280757569
51.82550871489859,15.908895549548404,flat,0.11383475560051341,1581.239394334749
47.980054077402606,25.384462956762672,flat,0.13735811620006938,1310.4431320084534
41.095232776440625,22.493271377085275,flat,0.12344101822063333,1458.1862868165547
46.70394483291802,17.638792793057917,flat,0.11951712703509398,1506.0602983465822
56.05706897196023,14.113745243911103,flat,0.12660018225852787,1421.7989009875623
40.092640460092056,12.427728363188129,flat,0.13001782736167544,1384.425533425407
46.669983433822885,22.300259360777332,flat,0.1361739881590246,1321.8383513141673
47.96337387181887,25.49267561275576,flat,0.13948499229892927,1290.4614111763601
50.74791205875846,22.878085070822614,flat,0.12140231354210915,1482.673556608671
58.39711232825521,20.606042664983164,flat,0.11173952313917962,1610.8892802038993
46.92691988731922,10.839024468632726,flat,0.12086534838876724,1489.2605895696777
46.93906403792455,29.369775551887678,flat,0.12760280506582886,1410.6272970029147
54.75002496219497,25.97428383309149,flat,0.11536241073789388,1560.300264606677
49.044358817796144,15.856440734019294,flat,0.11542849085104957,1559.4070291733638
44.49209645879964,29.599406587177015,flat,0.12843787881549884,1401.4557205399678
49.04879032265387,22.037631792726444,flat,0.12451347648429549,1445.6266508846763
42.817140407596,21.64845316414493,flat,0.12532796995411585,1436.2316733120329
43.527739730124466,24.961463588590643,flat,0.1174150466529993,1533.0232804996463
49.9673554547896,26.23539576180275,flat,0.12269599285794233,1467.04057571305
48.37850899009096,23.129572146630053,flat,0.11575766855731695,1554.9725754097553
58.296918021362,12.561914927324,flat,0.13390198411124787,1344.2668620238903
47.24787798233266,16.765350119889966,flat,0.13535249334723753,1329.860984076757
51.61176700556087,28.561672806520995,flat,0.10653812137761906,1689.5360803481692
52.64528575839061,14.492312236877039,flat,0.1157048913980759,1555.681854284972
40.26188913176667,17.443340476750265,flat,0.11003470744909921,1635.8474900591336
53.27074744033421,18.64153765888392,flat,0.11849976065593101,1518.9904098003833
43.56071933739503,18.788099793889046,flat,0.1241656203020964,1449.6766460962215
59.2214063493891,22.25879164989051,flat,0.1105035478030147,1628.9069770037675
42.97325455506226,28.86151675489415,flat,0.11578140186874687,1554.6538312263067
48.29248247454048,14.8138542366501,flat,0.11496042627918501,1565.7561982491638
41.70699336157288,12.43002752601836,flat,0.12707267329398944,1416.512262896684
59.93748503691894,13.949409797198747,flat,0.1256934433703625,1432.0556042817627
50.043900206624855,27.73849800418539,flat,0.11778262446662746,1528.2389980281107
51.90770034640087,22.91621625310412,flat,0.126768208721394,1419.9143603551004
41.34152954776855,15.718135784783202,flat,0.11953319915412734,1505.8577974467673
54.99920940798356,26.318938779372345,flat,0.12228344889673946,1471.9898859902003
44.19811186191171,27.22739992726872,flat,0.14173452090298538,1269.9799516252403
57.96108578881427,26.930286773805562,flat,0.13840461051790348,1300.5347099814705
44.10279280964014,28.37853067279109,flat,0.11200418763072402,1607.082769025182
43.81375441327333,15.04482040346723,flat,0.13329732417879175,1350.364691181392
40.730993356961896,25.100838574925568,flat,0.13311396554491592,1352.224759161454
49.44133890219999,19.2107899454828,flat,0.11351736711247382,1585.6604551236176
51.29682266525233,26.83997105780123,flat,0.13318777643754862,1351.4753742014868
41.31417278856705,24.569813543232264,flat,0.14037931918412552,1282.2401550751708
55.51055233390021,25.528948929994492,flat,0.11377455193755587,1582.0761051978598
49.065776694960554,23.12323675362143,flat,0.11582497178985736,1554.069016537955
50.4878053865516,13.548575389394138,flat,0.13517661466843503,1331.5912699952505
48.81525493876456,20.900538377938766,flat,0.12771495310825648,1409.3886081406972
48.01526121750652,29.693394790490164,flat,0.13051476275239524,1379.154328629361
51.192806626164355,28.747761329942378,flat,0.12840589216400497,1401.8048312775013
43.10480491861425,10.863474715940233,flat,0.12890695920928144,1396.355953969627
43.63856260990542,13.296296314588743,flat,0.11173527871688917,1610.9504721071805
57.235712420270346,12.634575469091239,flat,0.13547317706621448,1328.6763025570913
58.922309242672654,24.51959819970591,flat,0.13669589992427775,1316.791506546359
47.46618632559506,26.3557065971389,flat,0.12270609255931972,1466.9198264379802
45.41489346287108,14.270227326213439,flat,0.12456523050186137,1445.0260259206943
52.87999086478031,20.11705385903658,flat,0.10968892497444278,1641.0043223774826
48.17468342196193,26.814060560224,flat,0.13014254756017835,1383.098789554334
40.5077271132069,24.65603089532501,flat,0.13072057441714144,1376.9829332726413
43.12305194732381,20.844744109836967,flat,0.1243780898300069,1447.2002283200688
54.31944457694795,21.806953809175457,flat,0.13624353359870503,1321.1636196267216
53.17847883820303,20.1672109383256,flat,0.1216592276902006,1479.5425173860333
40.54191985006967,15.950969026376411,flat,0.130646059258936,1377.768307907751
44.43944323865899,21.300439857180322,flat,0.11480335661307885,1567.8984074189839
44.62149593176143,23.777706041001814,flat,0.12476447849125762,1442.7183295813863
53.437854871974565,27.466458317216155,flat,0.12325645742097165,1460.3697345058827
40.394210755087286,22.72582707958496,flat,0.1272530792204094,1414.5040819659066
42.082171639691474,25.22243074086316,flat,0.12130473071166642,1483.86628405984
55.99832170746379,13.201432699091459,flat,0.12368527404328332,1455.3066352669398
43.57089324108667,19.231149488395797,flat,0.13326047171441507,1350.7381272501455
53.054922157037495,10.186632396541865,flat,0.12063235762761783,1492.136965072383
44.76365562093453,14.93357729043246,flat,0.10893422899261321,1652.3731949505582
41.988827855186905,24.529234302260097,flat,0.1424958390420542,1263.1947796516174
44.86344381998908,29.83619902698727,flat,0.13881454078690486,1296.6941285806595
54.44533863711318,11.983561991744319,flat,0.11207737304894382,1606.0333598414607
57.11392936212572,18.029886317225767,flat,0.13189707805245193,1364.7004365662963
56.604397291339836,26.00141937398319,flat,0.11997025229448657,1500.3719385215645
47.943670592369095,14.080712692577977,flat,0.1276348721533106,1410.2728898712746
53.36170273141292,21.101698986045726,flat,0.12794224129013493,1406.8848426049813
44.09968590831642,24.661425920593494,flat,0.12265592199683678,1467.5198479584385
45.86295460522027,22.31970900520358,flat,0.11716234334413603,1536.3298041188334
57.9267163704224,13.760494692308322,flat,0.1180945894768374,1524.2019198119526
40.260038470214724,17.107691373714786,flat,0.11583808084518757,1553.8931471124938
41.71017061708936,25.675835689707945,flat,0.11668177791769554,1542.6573301528501
44.157725102920544,21.084530282640333,flat,0.12432821709950645,1447.780754838111
40.530644077476396,10.104592270858255,flat,0.11784240010889248,1527.4637976965055
43.628708701795944,25.219815200561875,flat,0.1318205206571262,1365.493013551295
51.66083121939384,10.706227098804781,flat,0.13987246155335928,1286.8866251512466
48.42849101184996,24.914675654624645,flat,0.11919946758629957,1510.073858926268
57.8534342215395,14.049611203304748,flat,0.12739404500535378,1412.9388857417584
56.34887123476882,29.161469602387605,flat,0.12999685110302933,1384.6489239754012
46.83634703395752,17.35881502604169,flat,0.12972002270919275,1387.603827386966
45.18846866862585,16.538632326761583,flat,0.12575955267916086,1431.3028009825857
47.59384816334534,12.977761006648894,flat,0.13242682418359722,1359.2412346191063
51.80589885029615,16.112084309804295,flat,0.12982248952680658,1386.5086138471597
45.36127281645753,27.53301523656401,flat,0.11262337577672701,1598.2472444871962
52.48297815698268,29.926686752544946,flat,0.13369156064389273,1346.382667186126
48.18823304382481,17.366190610136968,flat,0.1338729083726674,1344.558822154866
51.0409436170396,18.97221261909085,flat,0.11736713895821418,1533.6490400782861
48.722530582706334,24.441418764054742,flat,0.12537937835447602,1435.6427856190119
45.88931519083835,27.72391560930149,flat,0.1318332899281107,1365.3607529490832
58.96906613924313,21.860886683735682,flat,0.12290686180420639,1464.5236023253476
55.27211588319521,17.830513963556587,flat,0.13572978047766013,1326.164378712941
42.80226351532905,18.252436816972477,flat,0.14863872494619362,1210.9899359346562
57.36935951795826,23.912362929936137,flat,0.11714013967365018,1536.621012246323
49.74862396499027,10.064365272085574,flat,0.11118955396846225,1618.8571100038328
57.891044537881825,22.391786749196815,flat,0.12803818595604877,1405.8306016752533
55.99710511894631,17.109860208827147,flat,0.13221562505126144,1361.412464905052
48.50427008938467,25.883946625541686,flat,0.1226913362615523,1467.0962554053335
40.44938616640235,11.859812796462643,flat,0.13953260663321035,1290.021052019521
45.37354718769892,21.76404533896781,flat,0.11161394200276752,1612.7017536531127
50.83268429321734,19.619457797722475,flat,0.1319291862303161,1364.368303506125
52.669564396522944,22.846510518104548,flat,0.11894139179241106,1513.3503760755952
45.157753708664046,11.297071889659367,flat,0.14219377906207298,1265.8781642017066
42.78712148145648,21.599675748562625,flat,0.14492515353168117,1242.0204195999097
56.69860473598598,21.229691759190473,flat,0.11733343412216653,1534.0895913144893
59.68804361407104,21.213201888323418,flat,0.11950442864091419,1506.2203304687757
50.51380364605372,22.069753331929096,flat,0.133595878869798,1347.3469505404971
43.43358571696607,23.529358744527244,flat,0.12112869350210485,1486.0227977021161
45.44614653038738,26.099779993615396,flat,0.12454588782067762,1445.2504466399225
40.367813530949334,15.396414402564286,flat,0.1252538842054241,1437.0811822872406
58.28597613120998,26.500988203601242,flat,0.10580326843802343,1701.270694727535
42.35502165780282,19.96511364526907,flat,0.12486162253905762,1441.5958750151167
51.53032951028507,11.541165582686624,flat,0.11810272225935826,1524.0969603114893
45.48110441374412,11.171018584879583,flat,0.12006877177600228,1499.140845179995
51.08356005031587,16.684766373921214,flat,0.13943632003468814,1290.911865396481
53.02840776703729,25.69793954222935,flat,0.11243493105720744,1600.9259605310303
56.594836074144034,24.153618694818313,flat,0.13313205186747978,1352.041056042408
44.128425435212066,25.77229929344813,flat,0.12221037069668192,1472.8700925615235
40.21991657316961,20.345381128832187,flat,0.12220239831504165,1472.9661813670327
42.737712601376145,18.80397995910981,flat,0.13290371896051711,1354.3639065019256
58.0003728369621,12.949050534125679,flat,0.1284005129456889,1401.863558568
57.47780155125031,16.56385507218623,flat,0.1307061299721953,1377.1351048209508
51.94826204340617,18.680387323477504,flat,0.13468184660532861,1336.4830119048754
52.010337208673064,11.772008593592345,flat,0.12168691616816678,1479.205864262734
53.30073349092511,14.412239054224225,flat,0.1188776326549225,1514.1620503371164
43.50742557246899,21.964505881274775,flat,0.11414849473442201,1576.8933302080607
58.2882389184992,24.713262284783795,flat,0.11674589470021045,1541.8101035776767
48.375410497841465,29.966950227858995,flat,0.15449094425308726,1165.1168349720472
47.66277056498995,28.662266626871155,flat,0.13744679580736788,1309.5976442569863
50.378354105656754,22.85130399070383,flat,0.11148925633791978,1614.5053425993506
40.939319335501104,18.42496106588144,flat,0.1117754204325643,1610.3719342178324
43.32566737512159,22.723547294164653,flat,0.12981866061718492,1386.5495079385548
54.760672328527406,25.71303236160464,flat,0.13047264797377967,1379.5995007028107
41.65597335850253,12.366723818467747,flat,0.13048883835317365,1379.4283271403049
52.06304218932776,18.198097793925765,flat,0.12245044206446302,1469.9824432258113
44.90698219362642,26.796045712712345,flat,0.123745457399971,1454.5988497840583
47.78591228083953,17.67665903866088,flat,0.12827879524159358,1403.1937208405911
45.773874735414,21.437445424543732,flat,0.1258589300629333,1430.1726537004129
47.11345432929898,21.755387217243964,flat,0.10280699627252465,1750.8536045820192
54.380918103684905,13.689525062672788,flat,0.12270200369424807,1466.9687093988173
45.942434312463504,17.244708833045767,flat,0.11648593565739686,1545.2509265101996
51.32809280593794,16.690225774838645,flat,0.1267521141890851,1420.094656026654
49.52100804398199,10.523934170641295,flat,0.1548525900260341,1162.3957982862157
53.27342330725296,10.483835277827104,flat,0.12867481665474303,1398.875123195018
58.73659478649516,26.63394087351547,flat,0.12186470313827602,1477.0478683705462
54.651441944205004,15.461416199456249,flat,0.1342180150197725,1341.1016395487823
44.29880757181513,20.36157532477631,flat,0.12982687887209213,1386.461737074796
40.62366270122569,15.974511471775461,flat,0.12920094490451842,1393.1786654735606
45.2452808859965,28.81358490230681,flat,0.13106850593215671,1373.3276252738476
51.9015586140051,15.185935177315475,flat,0.1455654356482954,1236.5572857206491
41.02851626968501,18.593136254778702,flat,0.11369111564674084,1583.2371683227477
49.927324944024726,27.454605009692038,flat,0.12973632076811453,1387.4295103660659
51.93685697833779,26.838671335836175,flat,0.11573618870018462,1555.2611678469145
46.68487781633922,13.722028356925547,flat,0.1305551264634225,1378.727935669615
55.41824407491644,26.05286619591421,flat,0.11581313488513906,1554.2278531577622
42.131965062675434,19.163737734757852,flat,0.12082633186394916,1489.741492795466
41.50275563471617,19.659377441707104,flat,0.12204910085762094,1474.8162725916593
54.563775124072066,12.669599448318875,flat,0.13475816719344708,1335.726091774517
49.90982632412397,11.612030275142493,flat,0.13418454443942412,1341.4361598198716
53.76804792855472,24.558786139475302,flat,0.11254282623553616,1599.3911475377874
48.696546772074925,19.929223047105996,flat,0.1255493411099985,1433.6992803673518
44.92804066478214,18.737014052303593,flat,0.11790420145250827,1526.66315349673
56.38204635348399,24.590164573047936,flat,0.11241495089324666,1601.2105024262705
55.98831757937958,25.310257979822197,flat,0.1228298294957563,1465.4420733053196
53.893929417088536,13.17816335338707,flat,0.1219151721154418,1476.4364178525502
45.44290274459925,22.204502989552825,flat,0.14926716486345523,1205.8914642390253
51.80461333738174,12.70708164555371,flat,0.12932959825360696,1391.7927715744672
47.21947793880054,25.027501720580915,flat,0.11122382499245763,1618.3582969944277
41.83164146653268,23.139103125342793,flat,0.11935225995829057,1508.1406926262116
58.34627150924486,29.13229242166916,flat,0.13521383295429398,1331.2247428178814
42.73637261837923,11.379160327128425,flat,0.14588442772869925,1233.853419466712
59.00474707641605,11.141094423025086,flat,0.10914016687762042,1649.2553122246475
48.92011545915911,15.643741493864002,flat,0.10620075614860955,1694.9031864530343
